Î» (nm),532nm,450nm
1200,0.000215,0.000264
1199.5,0.000261,0.000155
1199,0.000202,9.58E-05
1198.5,0.000421,0.000407
1198,0.000313,0.000256
1197.5,0.000226,9.99E-05
1197,0.000119,7.94E-05
1196.5,0.000121,6.8E-05
1196,0.000155,5.82E-05
1195.5,0.000238,0.00019
1195,0.000394,0.000276
1194.5,0.000359,0.000262
1194,0.000104,6.04E-05
1193.5,5.81E-05,7.32E-06
1193,3.24E-05,8.36E-06
1192.5,0.000124,9.55E-06
1192,0.000205,0.000103
1191.5,0.000115,0.000142
1191,0.000332,0.000197
1190.5,0.000338,0.00012
1190,0.000231,0.000172
1189.5,0.000192,0.000176
1189,0.00023,0.000269
1188.5,0.00028,0.000206
1188,0.000169,4.97E-06
1187.5,7.89E-05,3.35E-06
1187,4.35E-05,3.73E-06
1186.5,0.000167,4.16E-06
1186,0.000202,5.74E-05
1185.5,9.23E-05,3.31E-05
1185,8.55E-05,1.01E-05
1184.5,0.000123,6.62E-05
1184,0.00017,2.89E-05
1183.5,0.000121,2.72E-05
1183,0.00011,2.56E-05
1182.5,0.000109,4.51E-06
1182,9.57E-05,7.05E-06
1181.5,7.09E-05,1.1E-05
1181,0.000259,0.000154
1180.5,9.88E-05,5.58E-05
1180,0.00017,7.77E-05
1179.5,0.000169,3.01E-05
1179,5.84E-05,4.93E-05
1178.5,0.000193,8.08E-05
1178,0.000261,0.000121
1177.5,0.000353,0.000181
1177,0.000241,3.72E-05
1176.5,0.000108,4.83E-06
1176,4.83E-05,4.97E-06
1175.5,3.1E-05,5.11E-06
1175,8.32E-05,4.16E-05
1174.5,6.84E-05,3.47E-05
1174,3.48E-05,8.79E-05
1173.5,0.000216,6.62E-05
1173,0.000247,0.000112
1172.5,0.000171,3.89E-06
1172,3.3E-05,3.3E-05
1171.5,6.52E-06,5.19E-06
1171,9.77E-06,7.37E-06
1170.5,0.000166,1.05E-05
1170,0.000172,0.000134
1169.5,0.000213,9.06E-05
1169,7.83E-05,2.97E-05
1168.5,9.34E-05,9.73E-06
1168,6.03E-05,1.71E-05
1167.5,3.89E-05,3.02E-05
1167,7.62E-05,4.62E-05
1166.5,0.000125,7.07E-05
1166,4.4E-05,6.45E-05
1165.5,7.23E-05,5.99E-06
1165,0.000119,4.14E-06
1164.5,8.01E-05,7.81E-06
1164,5.4E-05,1.47E-05
1163.5,0.000121,2.97E-05
1163,0.000156,6E-05
1162.5,0.000118,0.000188
1162,5.23E-05,4.64E-05
1161.5,6.01E-05,7.68E-05
1161,3.24E-05,7.04E-06
1160.5,2.04E-05,5.19E-06
1160,1.28E-05,3.82E-06
1159.5,5.61E-05,2.26E-05
1159,6.99E-05,5.1E-05
1158.5,0.000102,7.56E-05
1158,1.02E-05,7.88E-06
1157.5,3.07E-05,7.43E-06
1157,2.09E-05,7.01E-06
1156.5,1.42E-05,5.98E-05
1156,0.000248,0.000142
1155.5,0.00012,0.000137
1155,0.000126,0.000134
1154.5,0.000127,1.13E-05
1154,4.61E-05,9.22E-06
1153.5,1.68E-05,7.54E-06
1153,5.12E-05,6E-05
1152.5,7.58E-05,4.92E-06
1152,0.000259,0.000239
1151.5,0.000251,0.000194
1151,0.000256,7.87E-05
1150.5,0.000161,7.36E-05
1150,7.07E-05,8.49E-06
1149.5,4.7E-05,9.69E-06
1149,0.000144,1.11E-05
1148.5,0.000228,0.000125
1148,0.000113,7.83E-05
1147.5,0.000129,2.06E-05
1147,0.000119,4E-06
1146.5,9.41E-05,6.81E-06
1146,0.000139,1.16E-05
1145.5,0.000206,0.000174
1145,0.000166,7.64E-05
1144.5,0.000113,0.000136
1144,8.54E-05,1.51E-05
1143.5,4.35E-05,1.8E-05
1143,9.09E-05,0.000279
1142.5,1.33E-05,1.25E-05
1142,1.91E-05,3.85E-05
1141.5,0.000383,0.000119
1141,0.000139,3.52E-06
1140.5,3.31E-05,3.2E-06
1140,2.33E-05,3.18E-06
1139.5,7.09E-05,3.17E-06
1139,2.15E-05,3.21E-06
1138.5,0.000157,0.000102
1138,0.000255,0.000295
1137.5,0.000184,0.000257
1137,0.000121,0.000119
1136.5,9.79E-05,5.44E-05
1136,7.85E-05,2.23E-05
1135.5,0.000226,9.14E-06
1135,0.000171,1.45E-05
1134.5,0.000224,2.31E-05
1134,8.26E-05,0.000267
1133.5,4.6E-05,7.18E-05
1133,0.000117,4.66E-06
1132.5,8.75E-05,3.5E-06
1132,0.000134,3.35E-06
1131.5,0.000191,3.21E-06
1131,0.000292,5.67E-06
1130.5,0.000116,0.000255
1130,7.91E-05,0.000135
1129.5,7.71E-06,3.82E-06
1129,5.79E-06,3.17E-06
1128.5,5.54E-05,3.19E-06
1128,0.000115,3.2E-06
1127.5,0.000299,4.51E-06
1127,8.47E-05,0.000176
1126.5,5.07E-06,0.000136
1126,3.4E-06,3.83E-06
1125.5,3.52E-06,3.21E-06
1125,5.55E-06,3.23E-06
1124.5,9.96E-05,3.49E-06
1124,0.000273,5.23E-06
1123.5,0.000201,8.83E-05
1123,3.57E-05,0.000336
1122.5,5.9E-05,8.29E-05
1122,9.75E-05,4.81E-06
1121.5,0.000131,6.13E-06
1121,4.59E-05,7.81E-06
1120.5,0.000178,3.47E-06
1120,0.000414,8.16E-06
1119.5,6.89E-05,0.000239
1119,4.44E-06,0.000227
1118.5,3.61E-06,5.28E-06
1118,3.29E-06,3.28E-06
1117.5,5.63E-06,3.2E-06
1117,6.03E-05,3.3E-06
1116.5,9.43E-05,3.64E-06
1116,3.73E-05,9.81E-06
1115.5,4.24E-06,0.000243
1115,3.34E-06,0.000109
1114.5,6.94E-06,3.34E-06
1114,1.44E-05,3.18E-06
1113.5,3.57E-05,3.2E-06
1113,0.000385,3.22E-06
1112.5,0.000187,5.86E-06
1112,5.12E-06,0.000268
1111.5,4.09E-06,0.00017
1111,3.27E-06,1.66E-05
1110.5,7.64E-05,7.24E-05
1110,5.22E-05,6.79E-06
1109.5,0.000314,5.08E-06
1109,1.2E-05,3.8E-06
1108.5,1.78E-05,2.27E-05
1108,3.96E-05,0.000445
1107.5,8.84E-05,0.000328
1107,0.000159,6.45E-05
1106.5,0.000108,4.06E-06
1106,0.000291,3.4E-06
1105.5,0.000319,3.31E-06
1105,0.000109,3.23E-06
1104.5,4.1E-05,4.3E-05
1104,1.54E-05,0.000368
1103.5,0.000122,0.000335
1103,5.2E-05,0.000106
1102.5,0.000149,1.08E-05
1102,0.000313,1.16E-05
1101.5,0.000223,1.25E-05
1101,6.82E-05,0.000141
1100.5,4.27E-05,0.000381
1100,2.67E-05,3.46E-05
1099.5,0.000219,0.000124
1099,0.000221,4.55E-06
1098.5,0.000224,4.15E-06
1098,0.000255,3.79E-06
1097.5,1.06E-05,1.18E-05
1097,3.72E-06,0.000268
1096.5,7.44E-06,0.000381
1096,0.00017,0.00015
1095.5,6.61E-05,7.25E-06
1095,0.000274,3.23E-06
1094.5,0.000341,3.5E-06
1094,0.000183,5.95E-06
1093.5,4.62E-06,0.000357
1093,3.6E-06,0.000376
1092.5,3.28E-06,4.98E-05
1092,3.45E-06,5.03E-06
1091.5,0.000115,3.62E-06
1091,0.00029,6.97E-06
1090.5,0.000209,1.34E-05
1090,2.05E-05,0.000329
1089.5,2.09E-05,0.000311
1089,2.12E-05,9.53E-05
1088.5,3.16E-05,5.41E-06
1088,4.72E-05,3.48E-06
1087.5,0.000299,3.43E-06
1087,0.000451,5.19E-06
1086.5,2.24E-05,8.84E-05
1086,1.17E-05,0.000349
1085.5,6.1E-06,0.000252
1085,3.36E-05,5.63E-06
1084.5,2.45E-05,3.62E-06
1084,0.000153,3.2E-06
1083.5,0.000565,3.33E-06
1083,0.000345,6.56E-06
1082.5,9.16E-05,0.000321
1082,1.32E-05,0.000462
1081.5,3.42E-06,1.72E-05
1081,8.32E-06,3.25E-06
1080.5,2.02E-05,3.38E-06
1080,0.000462,3.52E-06
1079.5,0.00033,7.48E-06
1079,0.000205,0.000396
1078.5,1.12E-05,0.000385
1078,4.81E-06,0.000199
1077.5,5.76E-06,4.86E-06
1077,6.9E-06,3.56E-06
1076.5,0.000158,3.55E-06
1076,0.000522,4.83E-06
1075.5,0.000142,0.000197
1075,6.33E-05,0.000366
1074.5,3.8E-06,0.000374
1074,3.82E-05,7.21E-06
1073.5,4.63E-05,3.39E-06
1073,5.6E-05,3.25E-06
1072.5,0.000417,3.65E-06
1072,0.000416,4.44E-06
1071.5,1.38E-05,0.000172
1071,7.9E-05,0.000462
1070.5,7.17E-06,8.23E-06
1070,5.25E-06,3.59E-06
1069.5,3.85E-06,3.28E-06
1069,2.27E-05,3.23E-06
1068.5,0.000418,3.19E-06
1068,0.000346,9.45E-06
1067.5,0.000178,0.000577
1067,8.55E-06,0.000275
1066.5,4.74E-06,5.95E-06
1066,1.69E-05,3.39E-06
1065.5,4.77E-05,3.31E-06
1065,0.000484,3.24E-06
1064.5,0.000375,4E-06
1064,7.22E-06,0.000145
1063.5,4.35E-06,0.000192
1063,3.45E-06,1.33E-05
1062.5,4.47E-06,4.32E-06
1062,6.07E-05,3.57E-06
1061.5,0.000246,3.69E-06
1061,0.000403,6.18E-06
1060.5,0.00021,0.000292
1060,1.36E-05,0.000365
1059.5,8.27E-06,7.11E-06
1059,5.04E-06,3.48E-06
1058.5,2.88E-05,3.23E-06
1058,1.49E-05,3.52E-06
1057.5,0.000379,5.29E-06
1057,0.000321,0.000228
1056.5,0.000108,0.000351
1056,1.02E-05,6.93E-06
1055.5,9.53E-06,3.63E-06
1055,8.9E-06,3.22E-06
1054.5,8.17E-05,3.44E-06
1054,0.000245,4.27E-06
1053.5,0.000737,6.2E-05
1053,1.1E-05,0.000225
1052.5,4.29E-06,2.68E-05
1052,3.35E-06,3.86E-06
1051.5,3.71E-06,3.25E-06
1051,4.11E-06,3.26E-06
1050.5,5.65E-05,3.27E-06
1050,0.000324,4.78E-05
1049.5,0.000531,0.000398
1049,0.000289,0.000186
1048.5,6.14E-06,4.66E-06
1048,4.11E-06,3.66E-06
1047.5,3.74E-06,3.36E-06
1047,4.7E-06,3.61E-06
1046.5,0.000188,6.21E-06
1046,0.000527,0.000294
1045.5,0.000329,0.000415
1045,6.65E-06,7.69E-06
1044.5,4.05E-06,3.18E-06
1044,3.32E-06,3.18E-06
1043.5,3.77E-06,3.17E-06
1043,0.000133,3.2E-06
1042.5,0.000739,3.96E-05
1042,0.000321,0.000498
1041.5,0.000113,0.000259
1041,1.21E-05,5.74E-06
1040.5,1.33E-05,3.53E-06
1040,0.000167,3.5E-06
1039.5,0.000107,3.46E-06
1039,0.000538,5.51E-06
1038.5,0.000333,0.000243
1038,0.000145,0.000593
1037.5,1.31E-05,0.000232
1037,1.29E-05,5.35E-06
1036.5,1.27E-05,3.66E-06
1036,0.000136,3.46E-06
1035.5,0.000632,3.86E-06
1035,0.000455,8.22E-06
1034.5,1.57E-05,0.000461
1034,7.96E-06,0.000378
1033.5,2.97E-05,7.27E-06
1033,4.29E-05,3.59E-06
1032.5,6.21E-05,3.39E-06
1032,0.000744,3.2E-06
1031.5,0.000473,5.76E-06
1031,1.76E-05,0.000261
1030.5,3.67E-06,0.000463
1030,4.97E-06,0.000246
1029.5,5.88E-05,1.56E-05
1029,0.000172,9.77E-06
1028.5,0.000505,6.13E-06
1028,0.000837,3.82E-05
1027.5,0.000237,9.86E-05
1027,1.38E-05,0.000515
1026.5,7.16E-06,0.00043
1026,3.72E-06,1.33E-05
1025.5,1.73E-05,4.31E-06
1025,0.000473,3.54E-06
1024.5,0.000542,3.64E-06
1024,0.000328,6.05E-06
1023.5,9.78E-05,0.000282
1023,1.09E-05,0.000557
1022.5,1.32E-05,0.00033
1022,1.61E-05,6.67E-06
1021.5,0.000216,3.48E-06
1021,0.000726,3.48E-06
1020.5,0.000782,3.49E-06
1020,2.86E-05,6.69E-06
1019.5,1.75E-05,0.000332
1019,0.000109,0.000707
1018.5,8.61E-05,0.000172
1018,0.000189,9.65E-06
1017.5,0.000415,3.98E-06
1017,0.000662,4.44E-06
1016.5,0.00033,4.96E-06
1016,1.97E-05,4.69E-05
1015.5,1.28E-05,0.000691
1015,8.31E-06,0.000639
1014.5,5.86E-05,6.93E-05
1014,0.000438,4.71E-06
1013.5,0.000875,3.27E-06
1013,0.000464,3.63E-06
1012.5,8.13E-05,5.32E-06
1012,6.17E-06,0.00023
1011.5,4.45E-06,0.000702
1011,2.2E-05,0.000653
1010.5,0.000138,1.02E-05
1010,0.000661,4.84E-06
1009.5,0.000781,4.58E-06
1009,3.15E-05,8.53E-06
1008.5,2.13E-05,0.000489
1008,0.000162,0.000331
1007.5,0.000137,0.000311
1007,2.02E-05,6.43E-06
1006.5,0.000484,4.2E-06
1006,0.000717,3.63E-06
1005.5,0.00025,5.09E-06
1005,1.39E-05,7.61E-05
1004.5,6.76E-06,0.000624
1004,3.29E-06,0.000553
1003.5,1.41E-05,0.00014
1003,0.000682,1.28E-05
1002.5,0.000977,1.28E-05
1002,0.000493,1.27E-05
1001.5,8.01E-05,0.000137
1001,4.54E-05,0.000729
1000.5,2.57E-05,0.00041
1000,0.000243,1.98E-05
999.5,0.000196,3.7E-06
999,0.000505,4.06E-06
998.5,0.000973,4.46E-06
998,0.0004,1.02E-05
997.5,0.000111,0.000653
997,8.71E-06,0.000966
996.5,7.03E-06,1.3E-05
996,4.7E-05,3.63E-06
995.5,0.000827,3.85E-06
995,0.000643,4.1E-06
994.5,0.0005,4.8E-05
994,0.00026,0.000876
993.5,2.97E-05,0.000763
993,4.61E-05,6.25E-05
992.5,0.000179,7.62E-06
992,0.000612,8.96E-06
991.5,0.000772,1.05E-05
991,0.000274,0.000119
990.5,1.46E-05,0.000729
990,1E-05,0.00038
989.5,6.04E-05,8.66E-05
989,0.000134,5.79E-06
988.5,0.000299,3.4E-06
988,0.000954,3.52E-06
987.5,0.000847,1.03E-05
987,0.000347,0.000665
986.5,0.000112,0.000527
986,3.62E-05,9.24E-05
985.5,1.06E-05,9.79E-06
985,2.41E-05,1.06E-05
984.5,0.000969,1.14E-05
984,0.000714,0.000126
983.5,0.000526,0.000762
983,2.82E-05,0.000883
982.5,1.87E-05,0.000123
982,1.24E-05,3.6E-06
981.5,0.000101,3.6E-06
981,0.000672,3.61E-06
980.5,0.000754,9.65E-06
980,0.000299,0.000596
979.5,2.09E-05,0.000766
979,1.77E-05,0.000167
978.5,1.5E-05,4.36E-06
978,0.000153,3.65E-06
977.5,0.000787,4.23E-06
977,0.000784,6.63E-06
976.5,0.000782,0.000327
976,3.3E-05,0.000815
975.5,1.64E-05,0.000149
975,8.2E-06,4.06E-06
974.5,4.82E-05,3.58E-06
974,0.000355,4.38E-06
973.5,0.000473,7.23E-06
973,0.000119,0.000376
972.5,3.11E-05,0.000997
972,5.33E-06,0.000829
971.5,8.73E-06,1.19E-05
971,1.43E-05,3.88E-06
970.5,0.000223,3.67E-06
970,0.000988,6.13E-06
969.5,0.000859,9.3E-05
969,5.03E-05,0.000806
968.5,7.81E-06,0.000489
968,1.34E-05,8.53E-06
967.5,2.28E-05,3.28E-06
967,0.00043,3.55E-06
966.5,0.000488,3.84E-06
966,0.000555,1.17E-05
965.5,8.43E-05,0.000811
965,0.000131,0.000325
964.5,3.74E-06,0.00046
964,3.96E-06,8.2E-06
963.5,4.2E-06,4.14E-06
963,1.22E-05,4.08E-06
962.5,0.000864,7.85E-06
962,5.27E-05,0.000428
961.5,7.03E-06,0.000981
961,8E-06,0.000744
960.5,8.82E-05,1.11E-05
960,0.000288,4.62E-06
959.5,0.000493,4.01E-06
959,0.000845,3.47E-06
958.5,0.000251,1.79E-05
958,1.92E-05,0.000843
957.5,1.79E-05,0.000627
957,1.66E-05,0.000183
956.5,0.000187,4.62E-06
956,0.000693,4.03E-06
955.5,0.000472,3.52E-06
955,0.000321,8.15E-06
954.5,6.55E-06,0.000455
954,4.03E-06,0.000373
953.5,4.75E-06,3.43E-06
953,1.13E-05,3.26E-06
952.5,0.000766,3.22E-06
952,0.000161,3.17E-06
951.5,3.36E-05,3.53E-06
951,3.25E-06,0.000119
950.5,3.23E-06,0.000961
950,3.21E-06,0.000919
949.5,1.19E-05,1.26E-05
949,0.000834,4.23E-06
948.5,0.000894,4.09E-06
948,0.000957,3.96E-06
947.5,1.3E-05,1.11E-05
947,5.18E-06,0.000742
946.5,4.23E-06,0.000353
946,6.62E-06,0.000487
945.5,0.000326,8.51E-06
945,0.000542,3.38E-06
944.5,0.0009,3.55E-06
944,1.25E-05,3.73E-06
943.5,3.69E-06,0.00013
943,3.21E-06,0.000333
942.5,3.34E-06,0.000986
942,3.48E-06,1.32E-05
941.5,8.34E-05,4.65E-06
941,7.36E-05,3.36E-06
940.5,4.47E-06,4.47E-06
940,3.6E-06,0.000174
939.5,3.19E-06,0.000384
939,3.26E-06,0.000541
938.5,0.000105,0.00014
938,0.000411,3.91E-06
937.5,0.000729,4.1E-06
937,0.000499,4.31E-06
936.5,8.63E-06,1.24E-05
936,4.55E-06,0.000895
935.5,4.72E-06,0.000415
935,9.74E-06,0.000347
934.5,0.000605,6.88E-06
934,0.000415,3.64E-06
933.5,0.000284,3.7E-06
933,6.07E-06,7.29E-06
932.5,3.99E-06,0.00038
932,4.97E-06,0.00044
931.5,1.26E-05,0.000429
931,0.000918,3.68E-06
930.5,0.00062,3.18E-06
930,0.000419,3.29E-06
929.5,7.74E-06,3.73E-06
929,3.83E-06,1.25E-05
928.5,3.18E-06,0.0009
928,3.43E-06,0.000352
927.5,3.69E-06,0.000383
927,6.91E-05,3.48E-06
926.5,0.000362,3.72E-06
926,9.66E-05,3.97E-06
925.5,5.97E-06,1.02E-05
925,4.15E-06,0.000648
924.5,4.73E-06,0.00044
924,7.18E-06,0.000744
923.5,0.000371,1.11E-05
923,0.000581,5.37E-06
922.5,0.00091,5.24E-06
922,1.26E-05,1.02E-05
921.5,5.37E-06,0.000655
921,4.69E-06,0.000516
920.5,7.97E-06,0.000392
920,0.000439,0.000278
919.5,0.000803,5.99E-06
919,0.000939,4.08E-06
918.5,8.81E-05,3.34E-06
918,3.31E-06,3.77E-06
917.5,3.23E-06,0.00045
917,3.23E-06,0.000569
916.5,3.3E-06,4.24E-06
916,8.96E-05,3.6E-06
915.5,9.4E-05,4.47E-06
915,9.86E-05,1.12E-05
914.5,3.99E-06,0.000753
914,3.32E-06,0.000486
913.5,3.26E-06,0.000651
913,3.2E-06,1.02E-05
912.5,0.000102,3.87E-06
912,0.000441,3.52E-06
911.5,0.000917,3.2E-06
911,0.000616,0.000324
910.5,9.85E-06,0.000631
910,5.2E-06,0.00089
909.5,5.47E-06,1.24E-05
909,1.17E-05,5.79E-06
908.5,0.000806,5.51E-06
908,0.000875,1.05E-05
907.5,0.000949,0.000684
907,1.29E-05,0.000355
906.5,3.19E-06,0.000945
906,3.28E-06,1.29E-05
905.5,3.37E-06,3.21E-06
905,3.7E-06,3.43E-06
904.5,9.34E-05,3.67E-06
904,9.66E-05,0.000426
903.5,9.99E-05,0.000732
903,4.24E-06,0.000517
902.5,3.49E-06,4.04E-06
902,3.95E-06,3.67E-06
901.5,5.38E-06,3.34E-06
901,0.000234,1.32E-05
900.5,0.000746,0.000979
900,0.000605,0.000583
899.5,0.000491,0.000446
899,8.55E-06,3.76E-06
898.5,3.63E-06,3.45E-06
898,3.65E-06,4.58E-06
897.5,3.66E-06,1.24E-05
897,0.000102,0.000891
896.5,0.000108,0.000606
896,0.000115,0.000588
895.5,4.69E-06,4.31E-06
895,3.68E-06,3.47E-06
894.5,3.49E-06,3.37E-06
894,3.31E-06,3.72E-06
893.5,3.78E-06,3.86E-05
893,9.94E-05,0.000556
892.5,0.000102,0.000755
892,0.000105,0.000736
891.5,4.2E-06,1.1E-05
891,3.46E-06,4.47E-06
890.5,4.15E-06,3.66E-06
890,9.95E-06,4.38E-06
889.5,0.000625,0.000606
889,0.000803,0.000926
888.5,0.000879,0.000825
888,0.000541,1.18E-05
887.5,3.31E-05,4.56E-06
887,2.87E-05,3.57E-06
886.5,2.48E-05,4.06E-06
886,0.000306,0.000522
885.5,0.000967,0.000812
885,0.00014,0.000704
884.5,5.53E-06,4.72E-06
884,3.19E-06,3.76E-06
883.5,3.28E-06,3.63E-06
883,3.37E-06,4.24E-06
882.5,0.000105,0.000567
882,0.000492,0.00036
881.5,0.000527,0.000351
881,0.000129,6.24E-05
880.5,4.05E-06,8.65E-06
880,1.28E-05,1.31E-05
879.5,4.04E-05,1.99E-05
879,0.000534,0.000329
878.5,0.000627,0.000602
878,0.000735,0.000857
877.5,0.000227,0.000487
877,2.32E-05,8.51E-06
876.5,9.33E-06,3.6E-06
876,3.74E-06,3.59E-06
875.5,0.00011,3.59E-06
875,0.000129,0.000407
874.5,0.000152,0.000458
874,7.07E-06,0.000988
873.5,4.59E-06,0.000244
873,4.48E-06,2.55E-05
872.5,4.37E-06,1.08E-05
872,6.4E-06,4.56E-06
871.5,0.000176,0.000656
871,0.000164,0.000478
870.5,0.000152,0.000523
870,4.8E-06,0.000828
869.5,3.37E-06,1.19E-05
869,3.48E-06,3.41E-06
868.5,5.33E-06,4.4E-06
868,0.00017,5.68E-06
867.5,0.000164,0.000323
867,0.000158,0.000481
866.5,4.61E-06,0.000671
866,7.56E-06,4.61E-06
865.5,1.24E-05,3.31E-06
865,7.66E-05,3.49E-06
864.5,0.000727,5.45E-06
864,0.000349,0.00094
863.5,0.000168,0.00034
863,4.08E-06,0.000493
862.5,3.51E-06,0.000639
862,3.67E-06,4.49E-06
861.5,4.62E-06,3.51E-06
861,8.85E-05,3.5E-06
860.5,9.37E-05,3.5E-06
860,4.12E-06,4.49E-06
859.5,1.45E-05,0.000175
859,5.07E-05,4.49E-06
858.5,5.39E-06,3.21E-06
858,4.33E-06,3.16E-06
857.5,3.48E-06,3.16E-06
857,2.12E-05,3.16E-06
856.5,0.000148,3.15E-06
856,0.000354,3.16E-06
855.5,0.000542,3.16E-06
855,6.75E-05,3.16E-06
854.5,0.000115,3.17E-06
854,0.000196,3.37E-06
853.5,0.000301,7.11E-05
853,6.29E-06,3.37E-06
852.5,3.97E-06,3.17E-06
852,3.29E-06,3.18E-06
851.5,4.42E-06,3.19E-06
851,6.08E-05,3.24E-06
850.5,0.000189,4.04E-06
850,4.7E-06,5.06E-05
849.5,3.57E-06,5.75E-06
849,3.42E-06,5.3E-06
848.5,3.73E-06,4.88E-06
848,4.87E-05,3.63E-05
847.5,0.000266,0.00011
847,0.000303,0.000127
846.5,0.000134,0.000198
846,9.13E-05,1.54E-05
845.5,0.000215,1.32E-05
845,0.000269,1.13E-05
844.5,0.000407,0.000105
844,0.000297,3.74E-05
843.5,0.000263,3.58E-06
843,0.000301,3.19E-06
842.5,0.000219,3.16E-06
842,0.000297,3.16E-06
841.5,0.000291,3.16E-06
841,0.000332,3.16E-06
840.5,0.000136,3.16E-06
840,0.000249,3.18E-06
839.5,0.000158,4.18E-06
839,0.000196,5.89E-05
838.5,0.000155,2.38E-05
838,8.08E-05,4.05E-06
837.5,2.77E-05,5.72E-06
837,9.5E-06,8.08E-06
836.5,9.47E-05,9.47E-05
836,0.000169,0.0002
835.5,0.000211,0.000115
835,0.000143,4.74E-06
834.5,0.000209,4.25E-06
834,0.000192,3.81E-06
833.5,0.000248,1.9E-05
833,0.000158,4.13E-06
832.5,0.000228,5.92E-06
832,0.000259,8.06E-05
831.5,0.000355,0.000159
831,0.000324,0.000139
830.5,0.000244,6.63E-05
830,0.00019,2.47E-05
829.5,0.000198,4.08E-05
829,0.000262,0.000119
828.5,0.000234,4.94E-05
828,0.000183,8.55E-06
827.5,6.46E-05,1.52E-05
827,0.000118,4.34E-05
826.5,0.000215,0.000124
826,0.00018,5.68E-05
825.5,6.17E-05,2.94E-05
825,3.61E-05,1.52E-05
824.5,4.93E-05,0.000101
824,4.08E-05,6.93E-05
823.5,8.64E-05,3.89E-05
823,9.58E-05,5.69E-06
822.5,1.71E-05,3.17E-06
822,7.7E-05,3.04E-06
821.5,9.3E-05,2.92E-06
821,0.000116,2.83E-06
820.5,0.000123,2.76E-06
820,0.000126,2.73E-06
819.5,0.000225,2.73E-06
819,0.000313,2.76E-06
818.5,0.000368,2.83E-06
818,0.000464,2.92E-06
817.5,0.000477,3.04E-06
817,0.000458,3.17E-06
816.5,0.000408,4.23E-06
816,0.000452,6E-05
815.5,0.000455,0.000127
815,0.000379,5.69E-05
814.5,0.000302,3.67E-06
814,0.000259,3.29E-06
813.5,0.000228,3.3E-06
813,0.000266,3.3E-06
812.5,0.000337,3.68E-06
812,0.000314,1.62E-05
811.5,0.000271,4.21E-06
811,0.000258,3.19E-06
810.5,0.00028,3.29E-06
810,0.000371,3.4E-06
809.5,0.000481,4.77E-06
809,0.000555,4.74E-06
808.5,0.000576,1.61E-05
808,0.000548,4.72E-06
807.5,0.000518,4.74E-06
807,0.000482,4.76E-06
806.5,0.00037,3.89E-06
806,0.000274,3.18E-06
805.5,0.000258,3.25E-06
805,0.000255,3.04E-05
804.5,0.00021,7.34E-06
804,0.000125,3.92E-06
803.5,6.37E-05,5.71E-06
803,0.000109,6.55E-05
802.5,0.000173,9.66E-05
802,0.000199,0.00011
801.5,0.000173,4.97E-05
801,0.000123,8.25E-06
800.5,0.000104,5.49E-06
800,0.000141,3.66E-06
799.5,0.000218,9.69E-05
799,0.000198,7.34E-05
798.5,0.00019,1.18E-05
798,0.000203,2.01E-05
797.5,0.000188,3.43E-05
797,0.000213,4.18E-05
796.5,0.000247,3.04E-05
796,0.000252,6.01E-05
795.5,0.00024,7.35E-05
795,0.000221,5.05E-05
794.5,0.000217,2.76E-05
794,0.000273,4.19E-05
793.5,0.00029,9.52E-05
793,0.000323,0.000146
792.5,0.000249,6.6E-05
792,0.00013,6.5E-06
791.5,0.000122,5.76E-06
791,0.000162,4.09E-05
790.5,0.000157,5.52E-05
790,0.000182,9.75E-05
789.5,4.87E-05,3.63E-05
789,7.06E-05,1.24E-05
788.5,8.77E-05,1.81E-05
788,8.57E-05,2.09E-05
787.5,0.000121,5.72E-05
787,7.46E-05,7.27E-05
786.5,4.77E-05,7.25E-05
786,3.15E-05,4.01E-05
785.5,3.82E-05,6.4E-05
785,4.96E-05,6.68E-05
784.5,8.03E-05,7.36E-05
784,0.000171,8.72E-05
783.5,0.000116,1.73E-05
783,6.8E-05,1.28E-05
782.5,6.78E-05,9.55E-06
782,0.000116,4.49E-05
781.5,7.74E-05,4.78E-06
781,3.55E-05,4.12E-06
780.5,0.000102,3.54E-06
780,0.000172,5.74E-05
779.5,0.000112,6.5E-05
779,5.63E-05,5.92E-05
778.5,3.62E-05,0.000108
778,0.000134,0.00011
777.5,0.000155,4.88E-05
777,0.000117,2.2E-05
776.5,0.000138,4.8E-05
776,0.000194,7.57E-05
775.5,0.000141,6.13E-05
775,0.000211,4.42E-05
774.5,0.000234,1.63E-05
774,0.000202,1.94E-05
773.5,0.000211,2.3E-05
773,0.000285,8.99E-05
772.5,0.000335,0.000144
772,0.000312,4.14E-05
771.5,0.000288,1.15E-05
771,0.000283,5.43E-06
770.5,0.000263,6.57E-06
770,0.000241,1.92E-05
769.5,0.000269,7E-05
769,0.000221,4.99E-05
768.5,0.000177,5.95E-05
768,0.000157,8.55E-05
767.5,0.00021,0.000123
767,0.000209,6.81E-05
766.5,0.000218,0.000109
766,0.000142,6.98E-06
765.5,0.000144,4.59E-06
765,0.000195,2.02E-05
764.5,0.000193,2.21E-05
764,0.000195,2.88E-05
763.5,0.000281,4.8E-05
763,0.000276,8.01E-05
762.5,0.00029,8.39E-05
762,0.000304,3.27E-05
761.5,0.000367,3.46E-05
761,0.000345,7.02E-05
760.5,0.000394,4.8E-05
760,0.00036,5.79E-05
759.5,0.000267,5.43E-06
759,0.000254,4.45E-06
758.5,0.000224,2.6E-05
758,0.000145,5.38E-05
757.5,0.000109,5.96E-05
757,0.000128,7.06E-05
756.5,0.000138,9.27E-05
756,0.000134,9.45E-05
755.5,0.000117,7.9E-05
755,8.18E-05,0.000116
754.5,0.000133,0.000145
754,0.000103,0.000126
753.5,0.000106,0.00011
753,0.000128,8.29E-05
752.5,6.76E-05,1.74E-05
752,4.24E-05,2.79E-05
751.5,0.000101,4.73E-05
751,5.72E-05,5.53E-05
750.5,6.69E-05,3.97E-05
750,0.0001,3.87E-05
749.5,9.27E-05,3.77E-05
749,5.02E-05,4.05E-05
748.5,1.93E-05,2.26E-05
748,7.65E-05,1.26E-05
747.5,6.78E-05,3.68E-05
747,8.7E-05,4.64E-05
746.5,7.45E-05,6.58E-05
746,0.000109,5.51E-05
745.5,0.000105,3.87E-05
745,0.000173,8.44E-05
744.5,0.000155,0.000117
744,0.00023,0.00012
743.5,0.000172,8.62E-05
743,0.000143,5.33E-05
742.5,9.85E-05,5.33E-05
742,0.000222,5.33E-05
741.5,0.000168,5.33E-05
741,0.00025,8.71E-05
740.5,0.000225,7.46E-05
740,0.000255,4.17E-05
739.5,0.000252,4.55E-05
739,0.000303,2.66E-05
738.5,0.000327,1.55E-05
738,0.00035,3.1E-05
737.5,0.000307,4.95E-05
737,0.000334,5.38E-06
736.5,0.000301,4.9E-06
736,0.000364,3.41E-05
735.5,0.000369,4.61E-06
735,0.000317,4.76E-06
734.5,0.000339,3.88E-05
734,0.000248,2.43E-05
733.5,0.000194,1.45E-05
733,0.000153,7.13E-06
732.5,0.000107,3.5E-06
732,0.000127,3.21E-05
731.5,0.00014,6.41E-05
731,0.000174,6.51E-05
730.5,0.000116,3.88E-06
730,3.61E-05,3.58E-06
729.5,7E-05,3.3E-06
729,9.14E-05,5.54E-05
728.5,9.43E-05,7.97E-05
728,6.41E-05,9.71E-06
727.5,0.00011,6.11E-05
727,8.11E-05,4.75E-06
726.5,0.000137,3.27E-06
726,0.00013,1.36E-05
725.5,0.00023,9.73E-06
725,0.000232,1.17E-05
724.5,0.000318,8.44E-05
724,0.000189,2.15E-05
723.5,0.000217,3.64E-05
723,0.000218,6.15E-05
722.5,0.000248,6.72E-05
722,0.000259,7.01E-05
721.5,0.000182,4.38E-05
721,0.000164,7.73E-05
720.5,0.000224,1.27E-05
720,0.000186,8.78E-06
719.5,0.00027,2.53E-05
719,0.000304,0.000118
718.5,0.000306,0.000127
718,0.000377,0.000127
717.5,0.000457,0.000158
717,0.000469,0.000151
716.5,0.000532,0.000206
716,0.000465,0.000155
715.5,0.000429,0.000189
715,0.000312,0.000143
714.5,0.000254,0.000101
714,0.00024,0.000176
713.5,0.000294,0.000202
713,0.000157,0.000183
712.5,0.00017,0.000198
712,0.000141,0.000174
711.5,0.000153,0.000102
711,0.000142,9.5E-05
710.5,0.000111,3.04E-05
710,0.000185,9.47E-05
709.5,0.000261,0.00014
709,0.000225,7.22E-05
708.5,0.000191,3.04E-05
708,0.000239,4.9E-06
707.5,0.000233,2.75E-05
707,0.000268,5.86E-06
706.5,0.000168,5.96E-05
706,0.000136,5.55E-05
705.5,0.000106,7.28E-05
705,0.000176,8.72E-05
704.5,9.81E-05,6.08E-05
704,0.000203,8.71E-05
703.5,0.000206,7.52E-05
703,0.000221,5.37E-05
702.5,0.000124,2.17E-05
702,0.000144,7.36E-05
701.5,6.86E-05,2.25E-05
701,0.000136,6.86E-06
700.5,0.000107,2.07E-05
700,0.000127,6.28E-05
699.5,7.28E-05,9.74E-05
699,0.000125,0.000104
698.5,6.48E-05,5.3E-05
698,0.000112,5.39E-05
697.5,7.23E-05,5.47E-05
697,8.32E-05,3.33E-05
696.5,0.000107,8.76E-05
696,0.000181,3.54E-05
695.5,0.000116,2.26E-05
695,0.000116,2.26E-05
694.5,0.000172,2.25E-05
694,0.000154,2.06E-05
693.5,0.000119,5.13E-05
693,0.000149,1.48E-05
692.5,0.000136,4.61E-05
692,0.000162,6.78E-05
691.5,0.000171,0.000108
691,0.000128,4.8E-05
690.5,0.000134,0.000107
690,9.15E-05,1.08E-05
689.5,7.89E-05,3.55E-05
689,0.000145,3.92E-05
688.5,0.000102,5.99E-05
688,0.000157,7.07E-05
687.5,0.000114,6.91E-05
687,0.000133,7.82E-05
686.5,0.000141,8.84E-05
686,0.000189,4.92E-05
685.5,0.000197,0.000171
685,0.000144,9.82E-05
684.5,9.65E-05,0.000136
684,0.000104,7.97E-05
683.5,1.87E-05,2.26E-05
683,8.94E-05,8.74E-05
682.5,0.000114,0.000131
682,0.000105,7.95E-05
681.5,0.000117,0.000102
681,5.32E-05,3.15E-05
680.5,1.87E-05,2.36E-05
680,5.42E-05,5.42E-05
679.5,0.000111,8.15E-05
679,0.000118,7.48E-05
678.5,4.44E-05,5.23E-05
678,3.44E-05,4.93E-06
677.5,2.66E-05,6.23E-06
677,7.88E-06,7.88E-06
676.5,3.05E-05,4.49E-06
676,2.27E-05,4.07E-06
675.5,8.3E-05,3.68E-06
675,4.14E-05,3.35E-05
674.5,1.08E-05,5.98E-06
674,1.7E-05,3.85E-06
673.5,2.66E-05,4.71E-06
673,2.71E-05,5.75E-06
672.5,2.77E-05,1.68E-05
672,3.83E-06,7.89E-06
671.5,3.86E-06,1.12E-05
671,3.89E-06,1.58E-05
670.5,2.85E-05,4.92E-06
670,9.85E-06,9.85E-06
669.5,4.84E-05,2.97E-05
669,9.87E-06,1.68E-05
668.5,2.37E-05,9.88E-06
668,2.94E-05,1.18E-05
667.5,3.65E-05,4.46E-06
667,4.16E-05,3.77E-06
666.5,4.76E-05,3.19E-06
666,1.88E-05,3.43E-06
665.5,2.18E-05,5.93E-06
665,1.91E-05,5.03E-05
664.5,1.68E-05,5.2E-06
664,2.67E-05,4.52E-06
663.5,7.63E-05,2.88E-05
663,2.87E-05,2.47E-05
662.5,4.55E-05,4.25E-05
662,4.25E-05,4.15E-05
661.5,8.87E-06,1.38E-05
661,1.78E-05,2.27E-05
660.5,4.66E-05,2.59E-05
660,7.01E-05,2.96E-05
659.5,6.73E-05,8.21E-05
659,5.75E-05,9.71E-05
658.5,3.85E-05,9.79E-06
658,5.83E-05,4.87E-06
657.5,3.97E-05,5.38E-06
657,5.05E-05,5.94E-06
656.5,5.15E-05,1.88E-05
656,5.73E-05,4.35E-05
655.5,6.91E-05,3.75E-05
655,7.92E-05,4.95E-06
654.5,7.44E-05,1.52E-05
654,0.000109,4.65E-05
653.5,6.64E-05,5.45E-05
653,2.28E-05,6.63E-05
652.5,3.06E-05,6.92E-05
652,7.52E-05,4.45E-05
651.5,7.54E-05,1.89E-05
651,0.00013,8.91E-05
650.5,0.000133,9.91E-05
650,0.00018,5.64E-05
649.5,0.000152,2.57E-05
649,0.000172,2.97E-05
648.5,0.000227,1.19E-05
648,0.000294,1.29E-05
647.5,0.000274,3.27E-05
647,0.000253,1.68E-05
646.5,0.000206,1.48E-05
646,0.000195,8.92E-06
645.5,0.000181,5.15E-06
645,0.000213,9.59E-06
644.5,0.00021,1.79E-05
644,0.000204,7.93E-06
643.5,0.00024,3.26E-06
643,0.000244,3.34E-06
642.5,0.000257,3.43E-06
642,0.00031,4.22E-06
641.5,0.0003,1.88E-05
641,0.000297,2.25E-05
640.5,0.000331,2.68E-05
640,0.00028,1.09E-05
639.5,0.00029,3.74E-06
639,0.000307,4.31E-06
638.5,0.000306,4.96E-06
638,0.000326,3.36E-06
637.5,0.000351,3.36E-06
637,0.00036,4.96E-06
636.5,0.000282,1.17E-05
636,0.000248,2.78E-05
635.5,0.000226,4.27E-05
635,0.000173,3.47E-05
634.5,0.000134,4.65E-05
634,0.000118,8.05E-05
633.5,0.000106,0.000107
633,6.15E-05,0.000102
632.5,7.15E-05,0.000111
632,4.86E-05,0.000124
631.5,5.25E-05,0.000128
631,5.55E-05,0.000135
630.5,4.87E-05,0.000133
630,4.87E-05,0.00012
629.5,6.16E-05,0.000127
629,4.37E-05,0.000112
628.5,5.16E-05,0.00011
628,7.75E-05,0.000116
627.5,0.000113,8.66E-05
627,9.84E-05,4.57E-05
626.5,6.85E-05,2.48E-05
626,7.84E-05,8.93E-06
625.5,0.00011,2.48E-05
625,8.25E-05,1.39E-05
624.5,8.46E-05,3.09E-05
624,9.35E-05,5.47E-05
623.5,0.000113,4.38E-05
623,9.53E-05,4.42E-05
622.5,0.000141,4.46E-05
622,0.000169,7.75E-05
621.5,0.000151,5.18E-05
621,0.000131,6.46E-05
620.5,0.000156,5.37E-05
620,0.0002,2.88E-05
619.5,0.000228,2.68E-05
619,0.000297,5.17E-05
618.5,0.000329,6.78E-05
618,0.000295,5.28E-05
617.5,0.000245,5.57E-05
617,0.000147,4.47E-05
616.5,0.000101,3.67E-05
616,8.66E-05,4.28E-05
615.5,3.39E-05,1.79E-05
615,9.95E-06,1.39E-05
614.5,3.34E-06,1.89E-05
614,3.64E-06,9.95E-06
613.5,3.97E-06,1.3E-05
613,9.96E-06,1.69E-05
612.5,3.68E-06,2.19E-05
612,3.54E-06,7.6E-06
611.5,3.41E-06,6.65E-06
611,3.71E-06,5.83E-06
610.5,5.16E-06,1.29E-05
610,2.99E-05,5.39E-05
609.5,4.69E-05,4.59E-05
609,3.39E-05,4.34E-06
608.5,4.2E-06,3.38E-06
608,3.32E-06,1.69E-05
607.5,3.42E-06,1.69E-05
607,3.54E-06,2.09E-05
606.5,1.4E-05,3.49E-05
606,1.89E-05,1.2E-05
605.5,3.54E-06,4.59E-06
605,3.21E-06,4.11E-06
604.5,3.17E-06,8.95E-06
604,3.17E-06,1.99E-05
603.5,3.17E-06,5.99E-06
603,3.16E-06,3.25E-06
602.5,3.18E-06,3.25E-06
602,3.55E-06,3.24E-06
601.5,1.09E-05,3.86E-06
601,1.5E-05,1.5E-05
600.5,1.3E-05,1.1E-05
600,4.37E-06,3.55E-06
599.5,3.39E-06,3.76E-06
599,3.35E-06,3.98E-06
598.5,3.32E-06,1.89E-05
598,4.19E-06,5.19E-05
597.5,2.2E-05,3.4E-05
597,4.13E-06,1.16E-05
596.5,3.53E-06,3.99E-06
596,3.41E-06,3.69E-05
595.5,3.3E-06,3.49E-05
595,3.59E-06,4.8E-05
594.5,9.99E-06,4.99E-05
594,8.98E-06,3.49E-05
593.5,3.22E-06,3.18E-06
593,3.18E-06,3.19E-06
592.5,3.19E-06,3.21E-06
592,3.2E-06,3.58E-06
591.5,3.25E-06,4.89E-06
591,1.6E-05,1.2E-05
590.5,9E-06,1.7E-05
590,1.99E-05,1.1E-05
589.5,6.93E-06,5.99E-06
589,5.9E-06,2.4E-05
588.5,1.3E-05,1.4E-05
588,2E-05,1.5E-05
587.5,4.08E-06,1.17E-05
587,3.45E-06,9.16E-06
586.5,3.58E-06,4.19E-05
586,3.72E-06,9.02E-06
585.5,4.73E-06,1.75E-05
585,2.5E-05,3.39E-05
584.5,7E-06,4.4E-05
584,1.7E-05,7.99E-06
583.5,9.22E-06,1.13E-05
583,5.01E-06,1.6E-05
582.5,3.84E-06,5.46E-06
582,3.2E-06,4.43E-06
581.5,3.73E-06,3.6E-06
581,1.3E-05,7E-06
580.5,1.6E-05,5.31E-05
580,3.11E-05,2.2E-05
579.5,3.96E-06,4E-06
579,3.18E-06,3.24E-06
578.5,3.34E-06,4.03E-06
578,3.51E-06,5.01E-06
577.5,1.4E-05,9.54E-06
577,4.41E-05,3.71E-05
576.5,3.99E-06,1.5E-05
576,3.23E-06,2.2E-05
575.5,3.25E-06,2.04E-05
575,3.28E-06,1.9E-05
574.5,4.11E-06,1.6E-05
574,1.1E-05,1.39E-05
573.5,9E-06,1.2E-05
573,9.94E-06,1.99E-05
572.5,1.1E-05,3.3E-05
572,3.35E-06,1.8E-05
571.5,3.53E-06,3.41E-06
571,3.71E-06,3.27E-06
570.5,5E-06,3.26E-06
570,3.87E-06,3.45E-06
569.5,4.82E-06,5E-06
569,6E-06,2.1E-05
568.5,3.8E-06,6.73E-06
568,3.59E-06,5.29E-06
567.5,5.01E-06,4.16E-06
567,4.87E-06,8.01E-06
566.5,4.74E-06,7.48E-06
566,7.16E-06,7E-06
565.5,2.61E-05,2.21E-05
565,3.92E-05,1.41E-05
564.5,2.7E-05,2.15E-05
564,3.68E-06,3.3E-05
563.5,3.54E-06,4E-06
563,3.4E-06,8.71E-05
562.5,2.31E-05,6.03E-05
562,1.61E-05,5.53E-05
561.5,4.09E-05,5.49E-05
561,2.3E-05,6.79E-05
560.5,5.41E-05,7.11E-05
560,3.43E-06,5.51E-05
559.5,3.36E-06,5.1E-05
559,3.3E-06,5.5E-05
558.5,4.25E-06,2.5E-05
558,1.7E-05,5.79E-05
557.5,1E-05,2.91E-05
557,4.48E-06,2.61E-05
556.5,4.47E-06,2.6E-05
556,4.47E-06,1.1E-05
555.5,9.98E-06,3.99E-05
555,2E-05,6.99E-05
554.5,5.72E-05,4.51E-05
554,1E-05,2.71E-05
553.5,2.7E-05,2.8E-05
553,2.9E-05,6.69E-05
552.5,7.31E-05,6.51E-05
552,4.91E-05,5.51E-05
551.5,9.47E-05,3.32E-05
551,0.000124,3.02E-05
550.5,0.0001,1.9E-05
550,0.00013,1.2E-05
549.5,0.00016,1.1E-05
549,0.000236,1E-05
548.5,0.0003,7.78E-06
548,0.000414,6.04E-06
547.5,0.000519,8.15E-06
547,0.000693,1.1E-05
546.5,0.000934,5.75E-06
546,0.00128,3.4E-06
545.5,0.00173,5.35E-06
545,0.00248,8.41E-06
544.5,0.00349,3.51E-05
544,0.00506,2.4E-05
543.5,0.0074,2.9E-05
543,0.01116,1.6E-05
542.5,0.01708,4.95E-05
542,0.02723,5.34E-05
541.5,0.04455,9.02E-06
541,0.07569,3.74E-06
540.5,0.13481,3.58E-06
540,0.25458,8.02E-06
539.5,0.49829,1.86E-05
539,1.04171,4.33E-05
538.5,2.25468,2.21E-05
538,5.12734,1.9E-05
537.5,11.42873,3.91E-05
537,24.0103,8.03E-05
536.5,43.13596,6.67E-05
536,64.73587,4.83E-05
535.5,81.45908,4.52E-05
535,90.69869,5.21E-05
534.5,94.42489,6.32E-05
534,96.19921,6.92E-05
533.5,96.80226,4.75E-05
533,97.20901,1.21E-05
532.5,96.93609,4.42E-05
532,96.46327,3.31E-05
531.5,96.1847,3.91E-05
531,96.84495,5.22E-05
530.5,96.72127,2.53E-05
530,97.54354,3.79E-06
529.5,97.35931,4.02E-06
529,97.34093,3.21E-05
528.5,96.93386,2.51E-05
528,94.63559,2.41E-05
527.5,87.4587,2.37E-05
527,72.30578,2.33E-05
526.5,51.08831,2.92E-05
526,29.84005,9.38E-06
525.5,14.84017,3.46E-06
525,6.59942,4.6E-06
524.5,2.8578,6.12E-06
524,1.2435,2.93E-05
523.5,0.58176,3.67E-06
523,0.28218,3.38E-06
522.5,0.14632,2.11E-05
522,0.07871,8.19E-06
521.5,0.04369,3.17E-06
521,0.02524,3.21E-06
520.5,0.01496,2.22E-05
520,0.00918,2.59E-05
519.5,0.00576,3.02E-05
519,0.0038,9.58E-06
518.5,0.00249,1.68E-05
518,0.00175,2.94E-05
517.5,0.0012,2.62E-05
517,0.000848,1.11E-05
516.5,0.000617,3.24E-06
516,0.000396,3.18E-06
515.5,0.000379,3.18E-06
515,0.000212,3.18E-06
514.5,0.000245,3.25E-06
514,0.000165,1.11E-05
513.5,0.000147,1.32E-05
513,6.77E-05,3.66E-06
512.5,9.16E-05,3.37E-06
512,4.16E-05,3.36E-06
511.5,5.05E-05,5.61E-06
511,9.2E-05,3.94E-05
510.5,5.05E-05,3.15E-05
510,4.64E-05,2.52E-05
509.5,8.24E-05,3.87E-05
509,7.1E-06,1.88E-05
508.5,4.55E-05,9.09E-06
508,4.46E-05,4.76E-05
507.5,3.34E-05,5.29E-06
507,1.82E-05,3.85E-06
506.5,1.22E-05,3.22E-06
506,1.52E-05,3.52E-06
505.5,5.16E-05,1.31E-05
505,1.82E-05,3.43E-05
504.5,1.29E-05,3.9E-06
504,9.11E-06,4.73E-06
503.5,1.18E-05,5.73E-06
503,1.52E-05,1.12E-05
502.5,2.83E-05,1.65E-05
502,5.26E-05,2.43E-05
501.5,2.22E-05,3.03E-05
501,7.08E-06,7.86E-06
500.5,3.67E-05,1.02E-05
500,7E-05,1.32E-05
499.5,5.51E-05,1.41E-05
499,4.34E-05,1.51E-05
498.5,4.95E-06,5.19E-06
498,4.24E-06,4.11E-06
497.5,3.63E-06,8.14E-06
497,2.33E-05,1.42E-05
496.5,7.09E-06,2.43E-05
496,2.93E-05,1.62E-05
495.5,2.44E-05,5.51E-06
495,2.02E-05,4.48E-06
494.5,3.01E-05,3.65E-06
494,4.47E-05,7.11E-06
493.5,3.91E-06,2.63E-05
493,3.24E-06,1.41E-05
492.5,3.29E-06,5.64E-06
492,3.35E-06,5.54E-06
491.5,4.18E-06,5.44E-06
491,2.64E-05,1.32E-05
490.5,2.13E-05,2.73E-05
490,3.81E-06,1.62E-05
489.5,4.63E-06,5.25E-05
489,4.66E-05,6.58E-05
488.5,4.91E-05,6.21E-05
488,5.17E-05,9.84E-05
487.5,8.09E-06,7.48E-05
487,3.99E-06,4.26E-05
486.5,3.28E-06,4.25E-05
486,3.47E-06,5.47E-05
485.5,3.69E-06,2.75E-05
485,2.94E-05,9.95E-05
484.5,5.41E-06,0.000154
484,3.48E-06,0.000119
483.5,3.4E-06,9.7E-05
483,3.31E-06,9.32E-05
482.5,4.91E-06,4.89E-05
482,2.54E-05,4.78E-05
481.5,2.43E-05,0.000104
481,5.19E-06,8.5E-05
480.5,3.68E-06,5.06E-05
480,3.55E-06,7.02E-05
479.5,6.12E-06,6.02E-05
479,1.34E-05,3.87E-05
478.5,2.94E-05,4.56E-05
478,5.48E-06,5.58E-05
477.5,3.38E-06,6.59E-05
477,3.24E-06,7.42E-05
476.5,3.25E-06,7.86E-05
476,3.26E-06,7.03E-05
475.5,3.15E-05,0.000106
475,1.38E-05,7.11E-05
474.5,6.09E-06,8.63E-05
474,1.17E-05,0.000157
473.5,2.25E-05,0.000158
473,3.53E-06,0.000133
472.5,4.12E-06,0.000129
472,4.81E-06,0.000152
471.5,4.17E-05,0.000173
471,1.53E-05,0.000213
470.5,1.63E-05,0.00024
470,7.14E-06,0.000315
469.5,4.49E-05,0.000379
469,1.33E-05,0.00037
468.5,2.03E-05,0.000418
468,5.5E-05,0.000517
467.5,6.56E-05,0.000625
467,0.000112,0.000834
466.5,0.000153,0.001
466,0.000131,0.00125
465.5,0.000119,0.00159
465,9.39E-05,0.00203
464.5,0.000123,0.0027
464,0.000177,0.00362
463.5,0.000146,0.00487
463,0.000143,0.00668
462.5,0.00019,0.00939
462,0.000195,0.0133
461.5,0.000199,0.01939
461,0.000134,0.02885
460.5,9.9E-05,0.04381
460,8.57E-05,0.06935
459.5,0.000178,0.11377
459,0.000239,0.19183
458.5,0.000173,0.33615
458,0.00019,0.60935
457.5,0.000183,1.1509
457,0.000167,2.2488
456.5,0.000181,4.53176
456,0.000191,9.31239
455.5,0.000115,18.52009
455,0.000155,33.32568
454.5,0.000152,52.43545
454,0.000215,71.33078
453.5,0.000259,85.04955
453,0.000292,92.92916
452.5,0.000215,96.73152
452,0.000118,97.636
451.5,8.38E-05,97.4745
451,8.48E-05,97.61825
450.5,5.62E-05,97.94359
450,7.38E-05,98.3891
449.5,1.65E-05,98.91064
449,1.95E-05,98.54736
448.5,3.25E-06,98.16055
448,3.99E-06,97.8719
447.5,4.89E-06,97.77076
447,4.41E-05,98.18926
446.5,2.06E-05,98.6577
446,4.17E-06,97.7325
445.5,3.41E-06,94.30332
445,3.33E-06,84.8985
444.5,3.24E-06,66.57819
444,1.33E-05,43.79031
443.5,9.28E-06,23.83955
443,1.44E-05,11.08679
442.5,1.02E-05,4.80487
442,1.02E-05,2.14178
441.5,4.95E-06,0.99599
441,5.97E-06,0.48103
440.5,7.19E-06,0.24951
440,2.16E-05,0.13243
439.5,4.1E-05,0.07301
439,4.31E-05,0.0422
438.5,1.74E-05,0.0251
438,2.37E-05,0.01553
437.5,8.37E-05,0.00993
437,5.56E-05,0.00645
436.5,8.42E-05,0.00433
436,8.52E-05,0.00297
435.5,6.57E-05,0.00209
435,8.87E-05,0.00153
434.5,7.76E-05,0.00111
434,9.8E-05,0.000824
433.5,0.000159,0.000656
433,0.00018,0.000548
432.5,0.000121,0.000409
432,7.44E-05,0.000315
431.5,9.22E-05,0.000271
431,7.85E-05,0.000205
430.5,0.000103,0.00017
430,0.000128,0.000166
429.5,0.000168,0.000118
429,0.000171,0.000101
428.5,0.000122,0.000115
428,9.4E-05,9.61E-05
427.5,0.000113,0.0001
427,7.52E-05,8.04E-05
426.5,5.77E-05,7.73E-05
426,7.86E-05,6.62E-05
425.5,0.000144,4.98E-05
425,0.000231,8.49E-05
424.5,0.000223,9.81E-05
424,0.000268,6.6E-05
423.5,0.000398,3.61E-05
423,0.000376,1.45E-05
422.5,0.000249,6.23E-06
422,0.000235,2.69E-05
421.5,0.000354,5.58E-05
421,0.000305,5.27E-05
420.5,0.000128,8.27E-06
420,3.63E-05,4.6E-06
419.5,0.000152,6.73E-06
419,0.00045,2.28E-05
418.5,0.000621,6.3E-05
418,0.000407,6.4E-05
417.5,0.00015,6.82E-05
417,6.34E-05,4.78E-05
416.5,4.07E-05,3.44E-05
416,4.57E-05,7.89E-05
415.5,6.94E-05,9.84E-05
415,1.97E-05,8.61E-05
414.5,5.5E-06,4.98E-05
414,3.33E-06,4.16E-06
413.5,3.6E-06,1.25E-05
413,2.7E-05,1.87E-05
412.5,3.42E-05,3E-05
412,3.31E-05,2.28E-05
411.5,2.9E-05,1.66E-05
411,8.29E-06,3.85E-06
410.5,5.64E-06,3.42E-06
410,1.04E-05,3.78E-06
409.5,1.87E-05,4.16E-06
409,3.94E-05,1.35E-05
408.5,4.67E-05,2.39E-05
408,4.22E-06,7.22E-06
407.5,7.84E-06,5.37E-06
407,1.46E-05,3.99E-06
406.5,5.71E-05,7.27E-06
406,1.77E-05,7.28E-06
405.5,5.76E-06,4.57E-06
405,4.35E-06,4.59E-06
404.5,8.37E-06,4.61E-06
404,4.06E-05,4.9E-05
403.5,3.64E-05,3.95E-05
403,4.06E-05,3.33E-05
402.5,4.71E-06,1.88E-05
402,4.04E-06,3.6E-06
401.5,3.46E-06,3.38E-06
401,2.19E-05,3.18E-06
400.5,5.42E-05,3.65E-06
400,4.58E-05,6.25E-06
399.5,1.55E-05,6.25E-06
399,5.23E-06,8.37E-06
398.5,2.73E-05,3.22E-06
398,2.44E-05,3.16E-06
397.5,2.19E-05,3.16E-06
397,1.56E-05,3.16E-06
396.5,5.67E-06,3.17E-06
396,5E-06,3.18E-06
395.5,4.4E-06,3.55E-06
395,9.43E-06,1.78E-05
394.5,1.36E-05,3.03E-05
394,4.39E-05,2.3E-05
393.5,2.4E-05,2.61E-05
393,7.88E-06,3.76E-06
392.5,6.37E-06,3.87E-06
392,1.36E-05,2.93E-05
391.5,1.57E-05,1.47E-05
391,4.18E-05,7.32E-06
390.5,1.88E-05,2.83E-05
390,2.52E-05,3.68E-06
389.5,4.21E-06,3.5E-06
389,6.39E-05,2.31E-05
388.5,5.97E-05,3.98E-05
388,6.92E-05,2.2E-05
387.5,2.2E-05,6.72E-05
387,7.37E-06,4.95E-05
386.5,1.33E-05,9.17E-05
386,2.41E-05,5.46E-05
385.5,3.98E-05,1.89E-05
385,7.65E-05,3.04E-05
384.5,1.68E-05,1.78E-05
384,7.37E-06,4.42E-05
383.5,8.35E-06,5.69E-05
383,9.45E-06,1.79E-05
382.5,7.71E-06,3.95E-06
382,6.29E-06,3.19E-06
381.5,4.71E-06,3.27E-06
381,3.53E-06,4.23E-06
380.5,4.96E-05,2.01E-05
380,8.63E-05,2.84E-05
379.5,0.000199,4.41E-05
379,0.000333,1.47E-05
378.5,0.000374,2.65E-05
378,0.00028,1.48E-05
377.5,0.000124,1.72E-05
377,6.99E-05,2.01E-05
376.5,2.58E-05,3.28E-06
376,9.5E-06,3.58E-06
375.5,5.28E-05,2.85E-05
375,4.96E-05,2.32E-05
374.5,2.43E-05,2.21E-05
374,2.34E-05,8.49E-06
373.5,7.44E-05,7.08E-06
373,0.000385,5.9E-06
372.5,0.000504,1.16E-05
372,0.000401,5.11E-06
371.5,0.000162,5.61E-06
371,5.31E-05,1.49E-05
370.5,3.51E-05,3.51E-05
370,8.38E-05,4.2E-06
369.5,4.34E-05,3.55E-06
369,2.01E-05,8E-06
368.5,0.000157,1.8E-05
368,0.000171,8.53E-06
367.5,0.000158,2.77E-05
367,0.000121,4.55E-06
366.5,7.33E-05,5.09E-06
366,4.35E-05,5.71E-06
365.5,7.65E-05,4.35E-05
365,3.95E-05,5.12E-05
364.5,4.8E-05,6.71E-05
364,5.69E-06,3.25E-06
363.5,5.56E-06,3.17E-06
363,5.43E-06,3.16E-06
362.5,4.35E-05,3.16E-06
362,2.55E-05,3.16E-06
361.5,1.5E-05,3.16E-06
361,2.58E-05,3.17E-06
360.5,4.46E-05,3.42E-06
360,5.68E-05,1.91E-05
359.5,7.24E-05,6.6E-05
359,4.9E-05,1.28E-05
358.5,3.32E-05,6.42E-06
358,4.68E-05,4.26E-05
357.5,6.6E-05,5.31E-06
357,8.51E-05,5.34E-06
356.5,0.00011,4.37E-05
356,7.71E-05,4.07E-05
355.5,6.97E-05,5.7E-05
355,3.41E-05,8E-05
354.5,4.37E-05,8.52E-06
354,1.49E-05,1.13E-05
353.5,6.18E-05,1.49E-05
353,5.09E-05,1.79E-05
352.5,4.18E-05,2.15E-05
352,1.71E-05,4.17E-05
351.5,5.23E-05,1.15E-05
351,3.63E-05,3.2E-06
350.5,7.81E-05,1.93E-05
350,7.52E-06,2.32E-05
349.5,4.08E-05,2.79E-05
349,5.02E-05,4.7E-05
348.5,0.00011,3E-05
348,7.15E-05,1.92E-05
347.5,4.36E-06,1.07E-05
347,3.31E-06,4.77E-06
346.5,3.42E-06,5.27E-06
346,3.53E-06,1.39E-05
345.5,4.92E-05,3.31E-05
345,2.3E-05,4.33E-06
344.5,1.07E-05,3.6E-06
344,5.24E-06,3.49E-06
343.5,6.45E-06,3.97E-06
343,7.94E-06,2.89E-05
342.5,2.47E-05,3.96E-06
342,1.71E-05,3.44E-06
341.5,7.32E-06,3.5E-06
341,8.27E-06,4.16E-06
340.5,2.37E-05,3.12E-05
340,3.43E-05,8.57E-06
339.5,3.21E-05,6.42E-06
339,7.5E-06,3.31E-06
338.5,4.74E-06,4.03E-06
338,4.82E-06,4.89E-06
337.5,4.9E-06,1.4E-05
337,5.36E-05,3.21E-06
336.5,4.84E-05,3.01E-05
336,5.25E-05,1.72E-05
335.5,4.58E-05,2.36E-05
335,4E-05,3.24E-05
334.5,5.07E-05,2.26E-05
334,6.43E-05,2.04E-05
333.5,5.39E-06,3.43E-06
333,3.72E-06,3.17E-06
332.5,3.47E-06,3.16E-06
332,3.23E-06,3.16E-06
331.5,4.07E-06,3.16E-06
331,4.19E-05,3.16E-06
330.5,2.04E-05,3.16E-06
330,8.6E-06,3.18E-06
329.5,2.34E-05,3.69E-06
329,6.39E-05,3.9E-05
328.5,2.38E-05,3.78E-05
328,7.31E-05,4.3E-06
327.5,1.61E-05,5.16E-05
327,4.95E-05,1.51E-05
326.5,4.64E-05,1.98E-05
326,4.35E-05,2.61E-05
325.5,5.92E-05,4.62E-05
325,8.07E-05,8.18E-05
324.5,5.38E-05,5.49E-05
324,3.65E-05,2.43E-05
323.5,2.48E-05,1.08E-05
323,5.43E-05,3.36E-05
322.5,0.000119,0.000105
322,0.000293,4.5E-05
321.5,0.000336,1.93E-05
321,0.000172,9.05E-05
320.5,7.98E-05,1.08E-05
320,5.4E-06,1.3E-05
319.5,8.21E-05,5.19E-05
319,7.2E-05,3.67E-05
318.5,6.32E-05,8.5E-05
318,1.63E-05,0.000146
317.5,3.31E-05,1.3E-05
317,6.73E-05,9.44E-05
316.5,3.3E-05,5.34E-05
316,1.62E-05,5.59E-05
315.5,3.75E-05,5.85E-05
315,8.68E-05,0.000158
314.5,4.02E-05,6.95E-05
314,8.32E-05,6.24E-05
313.5,2.5E-05,0.00011
313,1.41E-05,4.01E-05
312.5,3.06E-05,5.86E-05
312,6.62E-05,5.92E-05
311.5,3.92E-05,5.99E-05
311,9.74E-05,1.53E-05
310.5,4.47E-05,5.67E-05
310,0.000112,6.97E-05
309.5,5.84E-05,9.79E-06
309,3.04E-05,1.96E-05
308.5,2.28E-05,3.59E-05
308,1.76E-05,6.26E-06
307.5,3.33E-05,2.07E-05
307,6.32E-05,6.86E-05
306.5,8E-05,6.53E-05
306,0.000101,1.52E-05
305.5,7.85E-05,8.28E-05
305,2.2E-05,3.3E-05
304.5,2.64E-05,4.6E-05
304,3.17E-05,2.62E-05
303.5,5.33E-05,9.24E-05
303,6.55E-05,4.01E-06
302.5,4.2E-06,3.27E-06
302,3.24E-06,3.18E-06
301.5,3.17E-06,3.19E-06
301,3.17E-06,3.31E-06
300.5,3.2E-06,4.06E-06
300,3.37E-06,2.63E-05
299.5,1.2E-05,7.12E-05
299,1.58E-05,2.53E-05
298.5,2.09E-05,2.47E-05
298,9.85E-06,2.41E-05
297.5,6.56E-06,3.65E-06
297,1.8E-05,3.29E-06
296.5,4.93E-05,3.29E-06
296,5.09E-05,3.83E-06
295.5,5.26E-05,6.25E-05
295,3.17E-05,7.21E-05
294.5,3.5E-05,2.62E-05
294,5.69E-05,6.89E-05
293.5,2.46E-05,6.84E-06
293,1.06E-05,6.19E-06
292.5,5.17E-05,4.62E-05
292,2.3E-05,7.55E-05
291.5,4.41E-06,4.38E-05
291,5.85E-06,3.4E-05
290.5,7.15E-05,2.64E-05
290,2.1E-05,2.54E-05
289.5,7.94E-06,1.9E-05
289,7.76E-06,1.43E-05
288.5,1.97E-05,2.06E-05
288,2.31E-05,2.97E-05
287.5,1.76E-05,4.12E-06
287,7.13E-06,4.33E-06
286.5,7.45E-06,4.55E-06
286,7.77E-06,3.62E-05
285.5,2.09E-05,2.97E-05
285,3.47E-06,3.58E-06
284.5,3.2E-06,3.19E-06
284,3.16E-06,3.16E-06
283.5,3.16E-06,3.16E-06
283,3.16E-06,3.16E-06
282.5,3.16E-06,3.16E-06
282,3.16E-06,3.16E-06
281.5,3.17E-06,3.16E-06
281,3.25E-06,3.16E-06
280.5,5.54E-06,4.19E-06
280,9.79E-05,9.9E-05
279.5,0.0001,5.18E-05
279,0.000101,4.18E-05
278.5,4.08E-05,2.98E-05
278,4.2E-06,4.13E-06
277.5,3.18E-06,3.26E-06
277,3.03E-06,3.52E-06
276.5,2.9E-06,5.27E-06
276,2.79E-06,4.4E-05
275.5,2.71E-06,2.71E-05
275,2.67E-06,1.66E-05
274.5,2.66E-06,3.55E-06
274,2.69E-06,3.2E-06
273.5,2.75E-06,3.16E-06
273,2.85E-06,3.17E-06
272.5,2.98E-06,3.17E-06
272,3.14E-06,3.19E-06
271.5,3.32E-06,4.52E-06
271,1.54E-05,6.07E-05
270.5,7.21E-06,5.4E-05
270,3.37E-06,4.77E-06
269.5,4.14E-06,3.61E-06
269,3.55E-05,1.77E-05
268.5,7.74E-06,3.54E-05
268,3.64E-05,1.4E-05
267.5,3.57E-06,5.52E-06
267,3.43E-06,2.31E-05
266.5,3.3E-06,1.44E-05
266,3.46E-06,1.11E-05
265.5,4.32E-06,6.62E-06
265,2.09E-05,1.65E-05
264.5,2.67E-05,3.74E-05
264,3.42E-05,1.98E-05
263.5,3.75E-05,3.42E-05
263,6.76E-05,4.54E-05
262.5,6.74E-05,7.4E-05
262,6.18E-05,3.97E-05
261.5,1.76E-05,5.2E-06
261,8.55E-06,3.71E-06
260.5,4.14E-06,3.66E-06
260,5.49E-06,4.44E-06
259.5,5.42E-05,7.52E-05
259,2.98E-05,3.09E-05
258.5,3.46E-06,4.18E-06
258,4.06E-06,4.25E-06
257.5,4.75E-06,4.33E-06
257,8.84E-06,3.31E-05
256.5,5.36E-06,1.88E-05
256,3.25E-06,2.77E-05
255.5,3.55E-05,2.33E-05
255,1.33E-05,1.61E-05
254.5,1.33E-05,1.11E-05
254,1.02E-05,1.22E-05
253.5,7.77E-06,3.99E-06
253,3.59E-06,3.37E-06
252.5,3.23E-06,3.41E-06
252,3.17E-06,3.88E-06
251.5,3.24E-06,1.88E-05
251,3.31E-06,6.11E-05
250.5,2.23E-05,4.12E-05
250,2.53E-05,4.67E-06
249.5,2.88E-05,3.84E-06
249,3.88E-05,8.52E-06
248.5,4.45E-05,1.89E-05
248,1.12E-05,3.9E-05
247.5,1.89E-05,5.56E-06
247,4.04E-06,3.3E-06
246.5,3.36E-06,3.17E-06
246,3.32E-06,3.17E-06
245.5,3.29E-06,3.18E-06
245,3.87E-06,3.26E-06
244.5,4.12E-05,3.86E-06
244,3.56E-05,5E-05
243.5,4.43E-06,2.22E-05
243,3.67E-06,3.31E-06
242.5,3.53E-06,3.31E-06
242,4.38E-06,3.32E-06
241.5,1.89E-05,4.18E-06
241,4E-05,3.22E-05
240.5,3.55E-05,2.33E-05
240,8.04E-06,1.88E-05
239.5,4.01E-06,2.67E-05
239,5.57E-06,2E-05
238.5,4.77E-05,2.66E-05
238,1.66E-05,2.1E-05
237.5,9.58E-06,3.8E-05
237,5.53E-06,6.86E-05
236.5,5.54E-05,0.000121
236,4.11E-05,4.77E-05
235.5,4.3E-06,3.98E-06
235,4.85E-06,6.64E-06
234.5,5.48E-06,1.11E-05
234,9.96E-06,7.42E-05
233.5,4.78E-06,3.22E-05
233,5.8E-06,1.58E-05
232.5,1.67E-05,7.77E-06
232,8.1E-06,4.44E-06
231.5,3.94E-06,4.03E-06
231,5.18E-06,3.65E-06
230.5,4.99E-05,3.33E-05
230,8.11E-05,5E-05
229.5,7.31E-05,6.1E-05
229,3.54E-05,1.33E-05
228.5,1.99E-05,2.68E-05
228,4.2E-05,5.42E-05
227.5,4.88E-05,7.66E-05
227,3.34E-05,1.22E-05
226.5,4.93E-06,5.91E-06
226,3.35E-06,4.57E-06
225.5,3.18E-06,3.53E-06
225,3.2E-06,2.88E-05
224.5,3.22E-06,6E-05
224,3.43E-06,4.23E-05
223.5,4.45E-06,2.11E-05
223,8.89E-06,5.11E-06
222.5,1.78E-05,4.13E-06
222,3E-05,3.33E-06
221.5,4.57E-05,8.93E-06
221,2.9E-05,4.24E-05
220.5,1.39E-05,4.34E-05
220,6.67E-06,5.56E-06
219.5,5.23E-05,2.22E-05
219,3.89E-05,2E-05
218.5,1.9E-05,3.13E-05
218,3.98E-06,5.04E-05
217.5,3.36E-06,8.93E-06
217,3.19E-06,5.12E-06
216.5,3.4E-06,6.32E-06
216,1.45E-05,7.78E-06
215.5,4.69E-05,4.47E-06
215,6.38E-05,1.68E-05
214.5,5.06E-06,3.27E-06
214,3.55E-06,3.16E-06
213.5,3.31E-06,3.16E-06
213,3.56E-06,3.16E-06
212.5,3.82E-06,3.16E-06
212,6.72E-06,3.16E-06
211.5,7.74E-06,3.16E-06
211,8.93E-06,3.17E-06
210.5,1.99E-05,3.34E-06
210,4.45E-05,2.56E-05
209.5,0.000118,4.69E-05
209,0.000102,6.72E-05
208.5,3.35E-06,6.25E-05
208,1.43E-05,4.49E-05
207.5,6.12E-05,3.23E-05
207,0.000119,0.000129
206.5,3.35E-05,9.62E-05
206,4E-05,4.24E-05
205.5,4.78E-05,3.78E-05
205,5.29E-06,3.86E-06
204.5,4.48E-06,7.76E-06
204,3.79E-06,1.56E-05
203.5,2.45E-05,0.000158
203,6.15E-05,0.000107
202.5,2.01E-05,2.01E-05
202,5.32E-05,2.99E-05
201.5,1.66E-05,4.44E-05
201,1.67E-05,7.34E-05
200.5,4.11E-05,8.78E-05
200,4.11E-05,7.67E-05
